ime,prezime,pol,pozivni_br,broj,fix_mob,tip,email,adresa,beleska
Karly,Kress,,+386,646883786,,Prijateljski,Karly.Kress@gmail.com,Kano,Zt DUycDYPM
Karlee,Yuille,Z,+386,633728815,,Prijateljski,Karlee.Yuille@gmail.com,Osaka,y
Katharina,Dash,M,+381,667477978,Mobilni,Ostali,Katharina.Dash@gmail.com,Guwahati,sAVpHOry
Kimberley,Heisel,,+385,600690745,Mobilni,Prijateljski,Kimberley.Heisel@gmail.com,Gangtok,rlcfX eBqdl
Trudie,Truc,Z,+381,640872589,Fiksni,,Trudie.Truc@gmail.com,Las Palmas de Gran Canaria,pmHdbV
Frank,Olin,,+386,661159429,Mobilni,Prijateljski,Frank.Olin@gmail.com,Road Town,oxw kNYcVUQj
Gwyneth,Winthorpe,Z,+386,621842469,,Poslovni,Gwyneth.Winthorpe@gmail.com,Maseru,WXyMW
Beatriz,Ade,,+385,691011028,Fiksni,Poslovni,Beatriz.Ade@gmail.com,Libreville,eQFbMB M
Lizzie,Seumas,M,+381,604719908,Fiksni,,Lizzie.Seumas@gmail.com,Rome,XFwwkkunDVN
Antonietta,Gregrory,M,+382,642713859,Mobilni,Ostali,Antonietta.Gregrory@gmail.com,Cayenne,Dqk
Vevay,Mata,,+385,665617729,Mobilni,,Vevay.Mata@gmail.com,Valparaíso,NQR WscPRob
Trixi,Dimitris,M,+382,631685441,,Ostali,Trixi.Dimitris@gmail.com,Tashkent,hnnmh
Kirstin,Gualtiero,Z,+385,682426147,Fiksni,Porodicni,Kirstin.Gualtiero@gmail.com,Doha,pWLtiuLznXHz
Michaelina,Herrera,M,+385,688780508,Mobilni,Porodicni,Michaelina.Herrera@gmail.com,Xi'an,WGahrNySzp
Libbie,Niccolo,,+385,699439120,Mobilni,Porodicni,Libbie.Niccolo@gmail.com,Jayapura,hRnMmp
Gratia,Publia,Z,+386,621375153,Mobilni,Prijateljski,Gratia.Publia@gmail.com,Koror,AbH
Laure,Pond,,+386,614293886,,Poslovni,Laure.Pond@gmail.com,Bergen,HpIWliY
Shannah,Moseley,,+381,628594603,,Poslovni,Shannah.Moseley@gmail.com,Makati City,kGh
Mathilda,Loeb,M,+382,675959801,Mobilni,Porodicni,Mathilda.Loeb@gmail.com,Hanover,aLg
Starla,Westphal,Z,+385,608807837,,Prijateljski,Starla.Westphal@gmail.com,Charlotte Amalie,OvmeQ fo
Damaris,Dielu,Z,,608983358,,Poslovni,Damaris.Dielu@gmail.com,Adelaide,JiP
Therine,Kristi,,+382,698248650,,Prijateljski,Therine.Kristi@gmail.com,Harare,o
Kittie,Rurik,Z,+386,665117367,Fiksni,Poslovni,Kittie.Rurik@gmail.com,Tel Aviv,WAA uxHJq
Peri,Peonir,Z,+385,658603612,Fiksni,,Peri.Peonir@gmail.com,Busan,CYAp
Alisha,Ephrem,M,+386,693812569,,Prijateljski,Alisha.Ephrem@gmail.com,Nassau,ifHitkefT
Nariko,Bonilla,M,+385,671700047,Mobilni,Poslovni,Nariko.Bonilla@gmail.com,Valdivia,xOEh
Heida,Taima,,+386,694652381,,,Heida.Taima@gmail.com,Santa Cruz de Tenerife,AEKtBoipKBmC
Mary,Lipson,Z,+386,694892227,Mobilni,Poslovni,Mary.Lipson@gmail.com,Moscow,APPN
Gaylene,Behre,,,645426993,,Prijateljski,Gaylene.Behre@gmail.com,Yangon,WT
Nelle,Corilla,,+386,644465851,,,Nelle.Corilla@gmail.com,Faisalabad,
Esmeralda,Shaddock,M,+386,615008519,Fiksni,Poslovni,Esmeralda.Shaddock@gmail.com,Yangon,S
Bertine,Jammal,Z,+386,617109443,Mobilni,Prijateljski,Bertine.Jammal@gmail.com,Chişinău,uEza
Rani,Hilbert,M,,649223861,Mobilni,Poslovni,Rani.Hilbert@gmail.com,Basra,uPtW
Gabi,Toni,Z,,612172348,Fiksni,Poslovni,Gabi.Toni@gmail.com,Udon Thani,qCs
Rosabelle,Kelula,M,+381,621891413,Mobilni,,Rosabelle.Kelula@gmail.com,Dibrugarh,e
Pamella,Linskey,,+385,686837928,Mobilni,Prijateljski,Pamella.Linskey@gmail.com,Lima,NvJ
Fawne,Shields,M,,673338633,Mobilni,Ostali,Fawne.Shields@gmail.com,Bangkok,DXCOHytJyLl
Talya,Fiester,,+386,648992323,,Porodicni,Talya.Fiester@gmail.com,Islamabad,Iw
Amalie,Georas,M,,688082293,,Poslovni,Amalie.Georas@gmail.com,Campinas,WN
Susette,Natica,,+381,603999665,,Poslovni,Susette.Natica@gmail.com,Andorra la Vella,NQbcJEUOOWo
Veda,Raimondo,Z,+382,669460477,Fiksni,Ostali,Veda.Raimondo@gmail.com,Buffalo,"NjMaY "
Emylee,Gordon,Z,+381,621833921,Mobilni,Poslovni,Emylee.Gordon@gmail.com,Philadelphia,RoxMEqj
Rhea,Remmer,M,+385,661973400,Fiksni,Porodicni,Rhea.Remmer@gmail.com,Jinan,tQtbVEIQAB
Quintina,Regan,M,+382,625510433,Mobilni,Porodicni,Quintina.Regan@gmail.com,Hamburg,lYXcSxFezHcs
Magdalena,Anderea,,+386,676369959,Fiksni,,Magdalena.Anderea@gmail.com,Lviv,b
Dede,Rustice,Z,+382,634284352,Mobilni,Ostali,Dede.Rustice@gmail.com,Dili,
Kerrin,Bach,,,608739927,Fiksni,Prijateljski,Kerrin.Bach@gmail.com,Valparaíso,zQDbFK
Adriana,Eben,,+386,688091497,Mobilni,Porodicni,Adriana.Eben@gmail.com,Yaren District,ywnrUFkf
Lita,Jerald,M,+386,644592689,,Prijateljski,Lita.Jerald@gmail.com,Papeete,Fpg
Alex,An,Z,+382,652455319,,Porodicni,Alex.An@gmail.com,Dallas,b
Elora,Raseda,Z,+381,665678748,,Porodicni,Elora.Raseda@gmail.com,Kaohsiung,KkGZlAjAWU
Ninnetta,Isidore,Z,,653224108,Fiksni,Poslovni,Ninnetta.Isidore@gmail.com,Shenzhen,fP
Lila,Adore,Z,+386,694461443,Fiksni,Ostali,Lila.Adore@gmail.com,Dublin,HuAd
Agnese,Erminia,M,,696092476,Fiksni,Porodicni,Agnese.Erminia@gmail.com,Thiès,qHzwI
Hettie,Jacqui,M,+382,645331406,Mobilni,Ostali,Hettie.Jacqui@gmail.com,Bangkok,Hd
Aaren,Linehan,M,+381,667916456,Mobilni,,Aaren.Linehan@gmail.com,Malé,DAaOXGNyefuC
Raquela,Curren,,+386,667861761,Fiksni,Porodicni,Raquela.Curren@gmail.com,Yogyakarta (city),NR
Marline,Beebe,M,+385,605970718,,,Marline.Beebe@gmail.com,Bissau,jZfRElgyfUo
Catharine,Vittoria,Z,+381,632294320,Mobilni,,Catharine.Vittoria@gmail.com,Pune,cRmUzxJYbZTx
Ellette,Dannye,,+386,637997844,Mobilni,Poslovni,Ellette.Dannye@gmail.com,Jayapura,xpPNsRkJukIc
Emilia,Leifeste,M,+382,607203951,Fiksni,Porodicni,Emilia.Leifeste@gmail.com,Chennai,"adFQutgzrK "
Adelle,Joeann,Z,+381,653511193,Fiksni,Poslovni,Adelle.Joeann@gmail.com,Rotterdam,oPMBod
Beth,Tound,Z,+382,672920346,,Poslovni,Beth.Tound@gmail.com,Yerevan,kLtewuFSqbj
Ricky,Cath,Z,,606155637,,Poslovni,Ricky.Cath@gmail.com,Kuching,BqCngTHZkm
Jemie,Jerald,,+382,629911720,Fiksni,,Jemie.Jerald@gmail.com,Dresden,m
Minne,Annabella,,+382,606108639,Fiksni,Prijateljski,Minne.Annabella@gmail.com,Riyadh,ABGTWvKC
Modestia,Ruvolo,Z,,603009838,,,Modestia.Ruvolo@gmail.com,Innsbruck,XjJMgxZ
Elora,Grimbly,,+381,657220145,Fiksni,,Elora.Grimbly@gmail.com,Angra do Heroísmo,
Ariela,Alrich,M,,611411414,,Prijateljski,Ariela.Alrich@gmail.com,Port Hedland," "
Yolane,Lory,,+381,652158330,Mobilni,Porodicni,Yolane.Lory@gmail.com,Nanning,IiAvzOeFRm
Jennica,Georas,M,,629201515,Mobilni,Ostali,Jennica.Georas@gmail.com,Philadelphia,btgIFI
Ruthe,Johanna,,,653137930,Fiksni,Poslovni,Ruthe.Johanna@gmail.com,Dalian,wsSfqDl
Konstance,Rebecka,,+382,639198194,Mobilni,Porodicni,Konstance.Rebecka@gmail.com,Berlin,FuGqMcUK
Lacie,Nikaniki,,+386,621244174,Mobilni,,Lacie.Nikaniki@gmail.com,Tirana,vIZTObLgdvhD
Barbara,Chobot,Z,+385,694803263,,Prijateljski,Barbara.Chobot@gmail.com,Charlottetown,ve
Dominga,Clywd,Z,+386,620444164,Fiksni,Ostali,Dominga.Clywd@gmail.com,Toulouse,dOOwPGgA
Karly,Kelula,,+385,620672879,Mobilni,,Karly.Kelula@gmail.com,Düsseldorf,pEjvRW
Aurelie,Creamer,,+386,648770694,,Prijateljski,Aurelie.Creamer@gmail.com,Sri Jayawardenapura-Kotte,dpcHFzDhGur
Drucie,Sheng,,+382,610695920,,Prijateljski,Drucie.Sheng@gmail.com,Dunedin,PuZyqzo
Emmey,Bendick,,+385,692737060,,Poslovni,Emmey.Bendick@gmail.com,Lilongwe,oMlClVqf
Brianna,Barrus,Z,+385,619319943,Fiksni,Poslovni,Brianna.Barrus@gmail.com,Livingstone,JuGqsD
Ebonee,Dunkin,Z,+382,697026997,,Poslovni,Ebonee.Dunkin@gmail.com,Yaren District,ILpLrzr
Fidelia,Alarise,,+386,627814795,Fiksni,,Fidelia.Alarise@gmail.com,Valdivia,GSeRIndlQ
Corene,Xerxes,M,+381,622743353,Fiksni,Ostali,Corene.Xerxes@gmail.com,Willemstad,fUfmUI
Danika,Erskine,Z,,682700315,Mobilni,Prijateljski,Danika.Erskine@gmail.com,Douglas,a
Collen,Donell,M,+381,618803878,Fiksni,Ostali,Collen.Donell@gmail.com,Dalian,WuFa
Tarra,Guildroy,,+381,664448093,Mobilni,Prijateljski,Tarra.Guildroy@gmail.com,Lusaka,hxmkGvX
Deedee,Fulmer,,+385,650554621,Mobilni,Prijateljski,Deedee.Fulmer@gmail.com,Novosibirsk,
Starla,Medrek,Z,+382,657753705,Mobilni,Poslovni,Starla.Medrek@gmail.com,Surat,KKr
Cyndie,Goerke,Z,+381,657094576,Fiksni,,Cyndie.Goerke@gmail.com,Shillong,vJEcjTGz
Siana,Bryna,Z,+385,671616154,,Porodicni,Siana.Bryna@gmail.com,Kunming,a
Norine,Bultman,Z,+381,651048437,Mobilni,Poslovni,Norine.Bultman@gmail.com,Phnom Penh,rgv
Layla,Wesle,M,,690373041,,Prijateljski,Layla.Wesle@gmail.com,San Diego,XunL
Luci,Maryanne,Z,+381,681239857,Fiksni,Ostali,Luci.Maryanne@gmail.com,South Tarawa,klKp
Binny,Docilla,,+385,630926477,,Prijateljski,Binny.Docilla@gmail.com,Ouagadougou,MvVzzdUXXP
Carmencita,Ariella,,,660410944,,Poslovni,Carmencita.Ariella@gmail.com,Ipoh,J YsuHTexESB
Fidelia,Peonir,,,623142304,Fiksni,Poslovni,Fidelia.Peonir@gmail.com,Pekanbaru,UNWJ
Gianina,Glenden,M,+381,638843427,Mobilni,Poslovni,Gianina.Glenden@gmail.com,Marseille,CtOTR
Liana,Warthman,M,+382,635645128,Fiksni,Ostali,Liana.Warthman@gmail.com,Makati City,ADg
Nickie,Dosia,M,+381,661907626,,Prijateljski,Nickie.Dosia@gmail.com,Nakhon Ratchasima,Au
Meg,Donell,,+381,698122500,,Ostali,Meg.Donell@gmail.com,Arbil,DeIh CWycP
Annora,Lanita,,+385,634692378,Mobilni,Prijateljski,Annora.Lanita@gmail.com,El Paso,
Jsandye,Shirberg,M,+382,671555050,Mobilni,Porodicni,Jsandye.Shirberg@gmail.com,Gaza,oVeoBIqxXJK
Dorothy,Bultman,,+382,669999352,,Porodicni,Dorothy.Bultman@gmail.com,Namangan,MALeHwbu
Agathe,Roumell,,+381,692314180,Fiksni,,Agathe.Roumell@gmail.com,Sitka,bASMfQws
Dyann,Marijo,M,,639937645,Mobilni,Prijateljski,Dyann.Marijo@gmail.com,Padang,fPTy KAhdg
Kial,Crudden,M,,652163746,Fiksni,,Kial.Crudden@gmail.com,Pyongyang,uDXik EHfFF
Fernande,Rogerio,Z,+386,648265426,,Poslovni,Fernande.Rogerio@gmail.com,Düsseldorf,"TtfShed "
Celisse,Alcott,,+381,642406682,Mobilni,Poslovni,Celisse.Alcott@gmail.com,Cuiabá,D
Hayley,Pattin,M,+385,670598623,,Porodicni,Hayley.Pattin@gmail.com,Alor Star,VjGn
Celisse,Glovsky,Z,+385,680662411,Mobilni,Poslovni,Celisse.Glovsky@gmail.com,Batticaloa,FW
Debee,Fontana,Z,+386,632330556,Fiksni,Ostali,Debee.Fontana@gmail.com,Cincinnati,kxVMU
Therine,Penelopa,Z,+381,664366920,,Prijateljski,Therine.Penelopa@gmail.com,Pittsburgh,owbCkeU
Susette,Ries,,+381,666228694,Mobilni,Porodicni,Susette.Ries@gmail.com,Dalian,XQONfm
Vevay,Giule,,+382,670425165,Fiksni,,Vevay.Giule@gmail.com,Omsk,eqjBGaIT
Tressa,Cleo,M,,685541023,,Porodicni,Tressa.Cleo@gmail.com,Charlotte Amalie,PzPa
Malina,Mich,Z,,661701357,Mobilni,Porodicni,Malina.Mich@gmail.com,Johannesburg,
Theodora,Sheng,,+386,658362796,,Prijateljski,Theodora.Sheng@gmail.com,Manama,
Candy,Schonfeld,,+386,623395146,,Porodicni,Candy.Schonfeld@gmail.com,Dodoma,HWAK
Leeanne,Aloise,M,+385,654089659,Fiksni,,Leeanne.Aloise@gmail.com,Nizhny Novgorod,Qupm
Hettie,Adalbert,Z,+386,620753885,Fiksni,Prijateljski,Hettie.Adalbert@gmail.com,Turin,kDoVvWJat
Ethel,Colbert,M,+382,623406746,Fiksni,,Ethel.Colbert@gmail.com,Davao City,jMrEKyocqiqF
Codie,Fiann,Z,+385,622713804,Mobilni,Poslovni,Codie.Fiann@gmail.com,Salt Lake City,
Lizzie,Liebermann,,+381,625287521,,Porodicni,Lizzie.Liebermann@gmail.com,Mexicali,cAMe
Cristabel,Pascia,M,+386,636204581,,,Cristabel.Pascia@gmail.com,Kyoto,YCThmLcn
Belinda,Percy,Z,+382,661968281,Mobilni,Poslovni,Belinda.Percy@gmail.com,Thessaloniki,
Wilma,Granoff,,,684514114,Fiksni,,Wilma.Granoff@gmail.com,Belize City,
Tonia,Ophelia,Z,+386,669347122,Mobilni,,Tonia.Ophelia@gmail.com,Ottawa,lAx
Marika,Oscar,M,+385,679684419,,Poslovni,Marika.Oscar@gmail.com,Ciudad del Este,eJFjGpEti hr
Jerry,Cristi,,+386,667166349,Fiksni,,Jerry.Cristi@gmail.com,Copenhagen,hnQiZ DEcS
Sadie,Joachim,,,619488182,Fiksni,Prijateljski,Sadie.Joachim@gmail.com,Ibadan,jlJMk
Jennica,Buffum,Z,,608766976,,,Jennica.Buffum@gmail.com,Kandahar,FeKQYpV
Gwyneth,Socha,M,,617930565,,Poslovni,Gwyneth.Socha@gmail.com,Buenos Aires,
Gabi,Sabella,Z,,618292799,Fiksni,Porodicni,Gabi.Sabella@gmail.com,Nagoya,SnLgNP
Kittie,Niles,Z,+381,660819032,Fiksni,Poslovni,Kittie.Niles@gmail.com,Tabriz,E
Angelique,Lissi,Z,+385,606260835,Fiksni,Ostali,Angelique.Lissi@gmail.com,Dushanbe,
Sean,Hurley,,+385,623656422,Mobilni,Porodicni,Sean.Hurley@gmail.com,Bratislava,BW
Arlena,Even,Z,+385,602401347,Fiksni,,Arlena.Even@gmail.com,Albuquerque,qNwIeLt swMm
Brana,Ricarda,M,+385,691979904,Mobilni,Poslovni,Brana.Ricarda@gmail.com,Port Elizabeth,YuHDbPJltxZe
Britni,Nea,,+385,622840744,Fiksni,Ostali,Britni.Nea@gmail.com,Budapest,bHU
Merci,Adalbert,Z,+382,686041788,,Poslovni,Merci.Adalbert@gmail.com,Lubumbashi,xUEpKUhjD
Candy,Pascia,M,+385,670162791,Fiksni,Ostali,Candy.Pascia@gmail.com,Novosibirsk,Va
Emelina,Kenney,,+385,666628194,,Ostali,Emelina.Kenney@gmail.com,Rabat,rgQevi
Joeann,Shirberg,Z,+382,624865454,,,Joeann.Shirberg@gmail.com,Rio de Janeiro,iKQz evYZUpU
Kirbee,Lamoree,,+386,609763343,,Porodicni,Kirbee.Lamoree@gmail.com,Manaus,YcVdLgAB
Celene,Orpah,M,+386,641313066,,Prijateljski,Celene.Orpah@gmail.com,Khartoum,
Ayn,Letsou,Z,+386,617001188,Fiksni,Ostali,Ayn.Letsou@gmail.com,Ambon,ukcD
Kirbee,Audly,Z,+385,675302608,Mobilni,Ostali,Kirbee.Audly@gmail.com,Madrid,E iSJl
Lonnie,Primalia,Z,,643033810,,Ostali,Lonnie.Primalia@gmail.com,Banjul,BR
Celene,Tiffa,Z,+382,699780971,Mobilni,,Celene.Tiffa@gmail.com,Veracruz,KQQY
Hildegaard,Adlare,,+386,693166818,,Porodicni,Hildegaard.Adlare@gmail.com,Chongqing,iIV xwy
Ebonee,Dahlia,M,+385,618642879,,Poslovni,Ebonee.Dahlia@gmail.com,Veracruz,bEEAp
Petronia,Ambrosia,M,,692744221,Fiksni,,Petronia.Ambrosia@gmail.com,Suez,h
Carilyn,Levey,Z,+386,670383549,Mobilni,,Carilyn.Levey@gmail.com,Tel Aviv,BEnREuD
Aili,Kirbee,M,,602250706,Fiksni,,Aili.Kirbee@gmail.com,Denver,aMGMKYEnbBjB
Elena,Rubie,M,+386,647161077,Mobilni,Porodicni,Elena.Rubie@gmail.com,Pittsburgh,Bbaf
Tani,Burnside,Z,+385,650243790,Fiksni,Prijateljski,Tani.Burnside@gmail.com,Quezon City,wNQxHCSbRk
Malina,Martsen,M,,645163461,Mobilni,,Malina.Martsen@gmail.com,Valdivia,"qht "
Cherilyn,Roumell,,+385,643792063,Fiksni,Ostali,Cherilyn.Roumell@gmail.com,Valletta,hnUhGCzR
Tami,Alwin,Z,+386,653273670,,Poslovni,Tami.Alwin@gmail.com,Bahía Blanca,yS
Sue,Karylin,,+381,663080915,Fiksni,Porodicni,Sue.Karylin@gmail.com,Port Vila,qXKp
Tracey,Martsen,M,+382,643534581,,Porodicni,Tracey.Martsen@gmail.com,Kingstown,YHPZeq
Nyssa,Bohlin,M,+381,644696450,Fiksni,,Nyssa.Bohlin@gmail.com,Sana'a,A
Tori,Berriman,M,+381,665308023,Mobilni,Prijateljski,Tori.Berriman@gmail.com,Kuala Lumpur,cdyH pRxgKd
Robinia,Zina,Z,+385,609924033,Fiksni,,Robinia.Zina@gmail.com,Gdańsk,xwj
Maud,Andrel,,,656142992,,Porodicni,Maud.Andrel@gmail.com,Christchurch,tHm
Liana,Wandie,M,,698664492,Mobilni,Porodicni,Liana.Wandie@gmail.com,Iquitos,"yunbN Fi "
Roxane,Alexandr,,+382,683749390,Mobilni,,Roxane.Alexandr@gmail.com,Chittagong,nWtU
Silvana,Gusella,Z,+386,646633594,Mobilni,Porodicni,Silvana.Gusella@gmail.com,Mexico City,jggCZAvSDjl
Michaelina,Publia,,+386,644257282,Mobilni,Porodicni,Michaelina.Publia@gmail.com,Glasgow,tVqZxguL
Drucie,Christine,Z,+381,673934442,Mobilni,Porodicni,Drucie.Christine@gmail.com,Basse-Terre,u
Misha,Joseph,,,647555271,Fiksni,Poslovni,Misha.Joseph@gmail.com,Lobamba,
Jolyn,Garbe,M,+382,629749206,Fiksni,Prijateljski,Jolyn.Garbe@gmail.com,Montevideo,m VQKpFK
Glynnis,Torray,,+382,621637558,Mobilni,Poslovni,Glynnis.Torray@gmail.com,Valdivia,iXiwnUGawh
Tina,Palocz,Z,+381,660106832,Mobilni,,Tina.Palocz@gmail.com,Niamey,oXQwDTaPyGG
Xylina,Verger,,+386,689002305,,Porodicni,Xylina.Verger@gmail.com,San Diego,cRsF
Doro,Dannye,,+385,647972114,Fiksni,Ostali,Doro.Dannye@gmail.com,Lyon,ors
Adore,Yate,Z,+381,640827924,Fiksni,Poslovni,Adore.Yate@gmail.com,Iloilo City,z
Elvira,Anyah,M,+381,649847061,Mobilni,,Elvira.Anyah@gmail.com,Virginia Beach,jzk
Elbertina,Behre,Z,+386,609069623,Fiksni,Prijateljski,Elbertina.Behre@gmail.com,Harare,DOWuP
Hayley,Keelia,M,+385,634379651,Mobilni,Porodicni,Hayley.Keelia@gmail.com,La Serena,ab
Kimmy,Ezar,,,627231830,,Ostali,Kimmy.Ezar@gmail.com,Sarajevo,tn
Gui,Ciro,,+385,607157635,Mobilni,,Gui.Ciro@gmail.com,Abidjan,uEKC
Lynde,Loleta,,+385,671376162,,Porodicni,Lynde.Loleta@gmail.com,Chihuahua,DKcbjmcMB
Carolina,Poll,Z,,695845785,,Ostali,Carolina.Poll@gmail.com,Newcastle,rFMsCH
Cyb,Erich,Z,+385,619949530,Mobilni,Prijateljski,Cyb.Erich@gmail.com,Colombo,yvZ
Alyssa,Medrek,,+381,637806501,Mobilni,,Alyssa.Medrek@gmail.com,El Paso,xyhT
Deane,Ezar,M,,660105186,Fiksni,Ostali,Deane.Ezar@gmail.com,Mata-Utu,ozIgMbM Uei
Henriette,Philipp,M,+382,655787819,Mobilni,Prijateljski,Henriette.Philipp@gmail.com,Ciudad del Este,qV
Lindie,Earlie,,+386,661876645,Mobilni,Ostali,Lindie.Earlie@gmail.com,Colombo,SUorC
Leanna,Macey,M,+386,668083690,Fiksni,,Leanna.Macey@gmail.com,Xi'an,iCGWUF
Clary,Sheng,Z,+381,690467196,,,Clary.Sheng@gmail.com,Timbuktu,RZ
Codie,Andrel,,+382,692189898,Fiksni,Prijateljski,Codie.Andrel@gmail.com,Charlottetown,vgkU
Ottilie,Naor,Z,+382,671301437,Mobilni,Poslovni,Ottilie.Naor@gmail.com,Freetown,gZrWSQ
Frieda,Oscar,M,+381,638314662,,,Frieda.Oscar@gmail.com,Kobe,fEco
Yetty,Flyn,M,,626882797,Mobilni,Poslovni,Yetty.Flyn@gmail.com,Sitka,CfkWDe
Yetty,Ahab,,+381,665187295,,Prijateljski,Yetty.Ahab@gmail.com,Yaoundé,
Berget,Annabella,Z,+386,610393168,,Poslovni,Berget.Annabella@gmail.com,Mandurah,EScMzxPQQiq
Sharlene,Cecile,Z,+385,682505179,Fiksni,Porodicni,Sharlene.Cecile@gmail.com,Medellín,ATkTZoPN
Chickie,Tice,Z,+382,673218121,Fiksni,Prijateljski,Chickie.Tice@gmail.com,Maseru,crZJOwt
Libbie,Jarib,Z,+382,660678578,Mobilni,Prijateljski,Libbie.Jarib@gmail.com,Mexico City,pTrLPkvH
Lynea,Middleton,M,+381,677883975,,Prijateljski,Lynea.Middleton@gmail.com,Kaliningrad,gjEcDcyTwHV
Fayre,Burkle,,+386,672215093,Mobilni,Poslovni,Fayre.Burkle@gmail.com,Kobe,
Caritta,Philipp,,+385,613837358,,Prijateljski,Caritta.Philipp@gmail.com,Rosario,Y cy
Sindee,Jacinda,,+382,675102150,Fiksni,,Sindee.Jacinda@gmail.com,Stepanakert,IsolpLH
Kirbee,Jenness,,+381,656329426,,Prijateljski,Kirbee.Jenness@gmail.com,Bahía Blanca,Ly
Clo,Kinnard,Z,+386,626588210,Fiksni,Poslovni,Clo.Kinnard@gmail.com,Tehran,G
Pierette,Vastah,Z,+385,650589259,Mobilni,,Pierette.Vastah@gmail.com,Malabo,CPK
Stevana,Morrill,,,661181874,Mobilni,,Stevana.Morrill@gmail.com,Tampere,BmYCXfRLCIVn
Mariele,Christal,,+381,641397885,Fiksni,Poslovni,Mariele.Christal@gmail.com,Daegu,DIGOKHebl
Ginnie,Valerio,,+381,613028996,Fiksni,Prijateljski,Ginnie.Valerio@gmail.com,Nukus,uXXibYCJNnfi
Corene,Gilbertson,,,604869367,Mobilni,Poslovni,Corene.Gilbertson@gmail.com,Puebla,bnRgJxC
Max,Pitt,Z,,684684435,,Porodicni,Max.Pitt@gmail.com,Bahía Blanca,FfXgYagFdm
Jackie,Odell,,+385,621297762,Mobilni,Ostali,Jackie.Odell@gmail.com,Jersey City,bLTQZxURf
Elise,Raychel,,+381,688778742,Fiksni,Porodicni,Elise.Raychel@gmail.com,Adak,tTVHUPjxJ
Fred,Noelyn,,+382,627666852,Mobilni,Prijateljski,Fred.Noelyn@gmail.com,Adamstown,aH
Adelle,Gibbeon,,+381,647211327,Mobilni,Ostali,Adelle.Gibbeon@gmail.com,Geelong,Vlv
Helsa,Bearnard,Z,+381,640398425,Mobilni,Ostali,Helsa.Bearnard@gmail.com,Yellowknife,zvNwuHk
Beth,Ietta,,+382,644997581,Mobilni,Porodicni,Beth.Ietta@gmail.com,Rockhampton,Gp
Inga,Strephon,Z,+382,698952695,,Prijateljski,Inga.Strephon@gmail.com,Turin," JqH"
Juliane,Chandler,M,+386,611963592,,Poslovni,Juliane.Chandler@gmail.com,Bandung,smvTdbL
Veda,Richers,,+382,622434376,Mobilni,Ostali,Veda.Richers@gmail.com,Brasília,rEfXqw
Gerianna,Garlinda,M,,657040647,,Poslovni,Gerianna.Garlinda@gmail.com,Santo Domingo,rvB
Bertine,Monk,Z,+385,650395386,Mobilni,Porodicni,Bertine.Monk@gmail.com,Kawasaki,DONmHyRCHMA
Hayley,Edvard,Z,+386,698983524,,Porodicni,Hayley.Edvard@gmail.com,Wellington,e
Brietta,Sprage,,,672819704,Fiksni,,Brietta.Sprage@gmail.com,Palma,bX
Rani,Shanley,M,+381,684609811,Mobilni,Ostali,Rani.Shanley@gmail.com,Monrovia,LndDWIkqwwU
Dode,Boycey,,,669567713,,Prijateljski,Dode.Boycey@gmail.com,Medan,WiYlHmzW
Hope,Maurine,Z,+385,649426516,Fiksni,Prijateljski,Hope.Maurine@gmail.com,Puerto Williams,CbcFt
Cassondra,Pernick,Z,+386,665761641,,,Cassondra.Pernick@gmail.com,Juneau,st xsQ
Fidelia,Noelyn,Z,+382,634455190,,Ostali,Fidelia.Noelyn@gmail.com,Miami,DEgnOpSK
Patricia,Sothena,M,+386,621052474,Mobilni,Poslovni,Patricia.Sothena@gmail.com,Yakutsk,
Laure,Joli,M,+381,656321587,,Ostali,Laure.Joli@gmail.com,Almaty,GtqAxbi
Kirbee,Plato,,+381,699327869,Mobilni,Porodicni,Kirbee.Plato@gmail.com,Addis Ababa,HTzFwDRuUn
Kayla,Anderea,Z,+386,659399179,Mobilni,Prijateljski,Kayla.Anderea@gmail.com,Yogyakarta (city),vugstCMcSTg
Roslyn,Presber,Z,+381,625651914,Mobilni,Prijateljski,Roslyn.Presber@gmail.com,Port Louis,veLV
Katharina,Standing,,,640806748,Fiksni,Prijateljski,Katharina.Standing@gmail.com,Tallinn,s
Jenilee,Katrine,Z,+382,651338314,,Ostali,Jenilee.Katrine@gmail.com,Adak,qYLsaWwGpoi
Katleen,Boehike,Z,+385,688979255,Fiksni,Ostali,Katleen.Boehike@gmail.com,Faisalabad,
Lita,Maples,,+386,622004037,Mobilni,Poslovni,Lita.Maples@gmail.com,Quebec City,gFNHqX
Lynde,Ephrem,Z,+386,665522828,,Poslovni,Lynde.Ephrem@gmail.com,Geneva,AIvy
Gianina,Jillane,,,640130114,Mobilni,,Gianina.Jillane@gmail.com,Boa Vista,uMSb
Lilith,Thema,M,+385,640251844,Mobilni,Ostali,Lilith.Thema@gmail.com,South Tarawa,iwwChEBNj
Mildrid,Brodench,Z,+386,659833259,Mobilni,Poslovni,Mildrid.Brodench@gmail.com,Ottawa,IBxexAgDOQ
Luci,Leonard,M,+381,605273431,Mobilni,Prijateljski,Luci.Leonard@gmail.com,Omdurman,HJthJi
Nananne,Cadmar,Z,,666455032,,Prijateljski,Nananne.Cadmar@gmail.com,Daegu,NtYTY
Sissy,Natalia,,+386,638821999,Mobilni,Porodicni,Sissy.Natalia@gmail.com,Hanover,krxav
Felice,Schalles,Z,+386,638328735,Fiksni,,Felice.Schalles@gmail.com,Bloemfontein,yM
Blondelle,Ietta,,+386,628792100,,Ostali,Blondelle.Ietta@gmail.com,Johannesburg,uVvgPDtnC
Sherrie,Wareing,Z,+385,616904974,,Porodicni,Sherrie.Wareing@gmail.com,Iquique,ZJNPUXgkEs
Vivia,Stelle,M,+381,610463233,Fiksni,Porodicni,Vivia.Stelle@gmail.com,Sydney,eLSnyBryOUV
Ardys,Gaspard,,+385,604650556,Fiksni,Prijateljski,Ardys.Gaspard@gmail.com,Liverpool,DHMAIKGEFey
Myriam,Dawkins,,+382,600142993,Mobilni,Poslovni,Myriam.Dawkins@gmail.com,Mogadishu,LBoJmjEvkxov
Rhoda,Elvyn,M,,640299674,,Ostali,Rhoda.Elvyn@gmail.com,Split (city),cTYLS re
Suzette,Lorain,,+381,694246645,Fiksni,Ostali,Suzette.Lorain@gmail.com,Riverside,dRTula
Dorothy,Brieta,M,,634431380,Fiksni,Ostali,Dorothy.Brieta@gmail.com,Virginia Beach,slamxqq
Xylina,Alisia,,+382,665560809,Mobilni,Porodicni,Xylina.Alisia@gmail.com,Memphis,gdZiMiW
Sherrie,Gregrory,M,+382,662184018,Mobilni,Porodicni,Sherrie.Gregrory@gmail.com,Belize City,dDKmFnbkvhJ
Tori,Hortensia,,+382,672750048,Fiksni,Poslovni,Tori.Hortensia@gmail.com,Cali,avOcb E
Margalo,Lattie,Z,,648556411,Mobilni,Ostali,Margalo.Lattie@gmail.com,Kyoto,HCEqzfEDQH
Brianna,Whiffen,M,+386,651986799,,Ostali,Brianna.Whiffen@gmail.com,Santo Domingo,EukTpMjc
Adele,Ricarda,M,+381,623368524,Fiksni,Ostali,Adele.Ricarda@gmail.com,Francistown,jVfmgfPQ
Maud,Dominy,Z,+385,674328887,Mobilni,Ostali,Maud.Dominy@gmail.com,Surat,zlNO
Shaylyn,Carvey,,+385,699871709,Mobilni,Prijateljski,Shaylyn.Carvey@gmail.com,Yellowknife,QBhU
Chastity,Malvino,,,614468492,Fiksni,Ostali,Chastity.Malvino@gmail.com,Saint John,WdkPbiUoMY
Ronna,Ledah,Z,+382,665960014,,Poslovni,Ronna.Ledah@gmail.com,Willemstad,Dmnq
Vivia,Hertzfeld,M,,691991203,,,Vivia.Hertzfeld@gmail.com,Kathmandu,DxB
Evaleen,Brodench,,+386,647771045,,Prijateljski,Evaleen.Brodench@gmail.com,Stanley,
Oralee,Adore,Z,+381,649148529,Mobilni,Ostali,Oralee.Adore@gmail.com,Amsterdam,jMtDo
Henriette,Niccolo,,,632173864,,Prijateljski,Henriette.Niccolo@gmail.com,Tunis,w
Randa,Idelia,,+382,663779740,Mobilni,Porodicni,Randa.Idelia@gmail.com,Reykjavík,gzmzKqH
Drucie,Glenden,Z,+385,663492957,Mobilni,Ostali,Drucie.Glenden@gmail.com,Saint Petersburg,Hx
Rosaline,Fredi,,+382,624532646,Fiksni,Ostali,Rosaline.Fredi@gmail.com,St. John's,tG
Kirstin,Rozanna,Z,+386,640522554,,Prijateljski,Kirstin.Rozanna@gmail.com,Baku,W
Edith,Lumbard,M,+385,649812462,,Poslovni,Edith.Lumbard@gmail.com,Port-au-Prince,xNRSZSoP Zq
Estell,Wolfgram,M,,696315386,Fiksni,Ostali,Estell.Wolfgram@gmail.com,Paramaribo,QXi
Aubrie,Koziara,M,+381,623032576,Fiksni,Prijateljski,Aubrie.Koziara@gmail.com,Pretoria,IxF
Bibby,Orlene,,+381,698842786,Fiksni,Prijateljski,Bibby.Orlene@gmail.com,Beijing,p feDDAk
Carol-Jean,Yorick,Z,+381,659155949,Fiksni,Ostali,Carol-Jean.Yorick@gmail.com,Helsinki,SlrRVzKnE
Leona,Kellby,Z,+385,617502547,,Prijateljski,Leona.Kellby@gmail.com,San Antonio,QXgTryO
Adore,Hirsch,,,630793703,Fiksni,Ostali,Adore.Hirsch@gmail.com,Barranquilla,mDeFxRLkOwl
Lynde,Koehler,M,+382,634419777,Fiksni,,Lynde.Koehler@gmail.com,Nantes,fHSfwwUyTl
Sashenka,Kaete,Z,+386,632051602,,,Sashenka.Kaete@gmail.com,Campo Grande,moPtS
Regina,Ball,,+382,642961188,,,Regina.Ball@gmail.com,Batticaloa,WJC evD
Sallie,Jacobah,M,+386,677448575,,Poslovni,Sallie.Jacobah@gmail.com,Malabo,svPr
Danika,Tristram,M,+385,613852087,,Porodicni,Danika.Tristram@gmail.com,Hiroshima,Pk
Willetta,Dash,,,640403619,Fiksni,Prijateljski,Willetta.Dash@gmail.com,Ho Chi Minh City,chnFlvBeL
Lucille,Byrne,,+382,652456741,,Porodicni,Lucille.Byrne@gmail.com,Kanpur,S
Olivette,Dulciana,M,+386,623619064,,Poslovni,Olivette.Dulciana@gmail.com,Addis Ababa,mRYsVpiI
Pearline,Phyllis,,+386,670509610,Fiksni,Poslovni,Pearline.Phyllis@gmail.com,Auckland,WSItHgtUQX
Loree,Charmine,M,+385,628777459,,Prijateljski,Loree.Charmine@gmail.com,Ottawa,MSTlUBlMteR
Ileana,Wenda,Z,,608981755,Fiksni,Ostali,Ileana.Wenda@gmail.com,Magadan,A
Gale,Pierette,,+382,609103714,,,Gale.Pierette@gmail.com,Serekunda,bWbvvA
Starla,Rosalba,M,+385,675716909,,Ostali,Starla.Rosalba@gmail.com,Bursa," e"
Julieta,Dituri,M,,669059568,Mobilni,Ostali,Julieta.Dituri@gmail.com,Omsk,FyCn
Nikki,Edmund,Z,+385,627598350,Fiksni,,Nikki.Edmund@gmail.com,Khartoum,XtSiy
Sonni,Honoria,Z,+382,661523854,Mobilni,Ostali,Sonni.Honoria@gmail.com,Asunción,OJ
Vita,Roarke,M,+382,624624134,,Prijateljski,Vita.Roarke@gmail.com,Milan,DktHAlLCl
Courtnay,Si,,+385,605104645,,Porodicni,Courtnay.Si@gmail.com,Boa Vista,tqWP
Elka,Horan,,+382,688630070,Fiksni,Porodicni,Elka.Horan@gmail.com,Adamstown,n